app,platform,revision,timeNs
drift-0000,Intel,before,3998.9
drift-0000,Intel,before,3865.3
drift-0000,Intel,before,4508.6
drift-0000,Intel,before,4529.5
drift-0000,Intel,before,4794.1
drift-0000,Intel,after,4169.9
drift-0000,Intel,after,4598.5
drift-0000,Intel,after,4657.2
drift-0000,Intel,after,4814.4
drift-0000,Intel,after,4754.6
drift-0000,AMD,before,4270.5
drift-0000,AMD,before,3790.3
drift-0000,AMD,before,3807.8
drift-0000,AMD,before,3870.8
drift-0000,AMD,before,3630.2
drift-0000,AMD,after,4225.3
drift-0000,AMD,after,3905.4
drift-0000,AMD,after,3829.1
drift-0000,AMD,after,4151.4
drift-0000,AMD,after,4030.2
drift-0000,GPU,before,1790.0
drift-0000,GPU,before,1595.2
drift-0000,GPU,before,1636.0
drift-0000,GPU,before,1677.8
drift-0000,GPU,before,1866.2
drift-0000,GPU,after,2087.8
drift-0000,GPU,after,2142.2
drift-0000,GPU,after,2054.2
drift-0000,GPU,after,2068.8
drift-0000,GPU,after,2212.4
beacon-0001,Intel,before,5561.8
beacon-0001,Intel,before,4973.2
beacon-0001,Intel,before,4920.5
beacon-0001,Intel,before,4737.3
beacon-0001,Intel,before,5020.3
beacon-0001,Intel,after,5188.7
beacon-0001,Intel,after,5403.1
beacon-0001,Intel,after,5161.7
beacon-0001,Intel,after,4479.9
beacon-0001,Intel,after,5282.2
beacon-0001,AMD,before,5043.3
beacon-0001,AMD,before,4594.9
beacon-0001,AMD,before,4582.2
beacon-0001,AMD,before,4741.1
beacon-0001,AMD,before,5175.1
beacon-0001,AMD,after,2276.8
beacon-0001,AMD,after,2813.5
beacon-0001,AMD,after,2676.6
beacon-0001,AMD,after,2765.8
beacon-0001,AMD,after,2532.3
beacon-0001,GPU,before,1989.2
beacon-0001,GPU,before,2046.2
beacon-0001,GPU,before,1842.3
beacon-0001,GPU,before,2263.7
beacon-0001,GPU,before,1998.5
beacon-0001,GPU,after,1337.0
beacon-0001,GPU,after,1379.3
beacon-0001,GPU,after,1416.6
beacon-0001,GPU,after,1515.8
beacon-0001,GPU,after,1432.7
cipher-0002,Intel,before,3704.1
cipher-0002,Intel,before,3829.6
cipher-0002,Intel,before,3441.0
cipher-0002,Intel,before,3294.7
cipher-0002,Intel,before,3573.6
cipher-0002,Intel,after,2818.2
cipher-0002,Intel,after,3659.7
cipher-0002,Intel,after,3686.5
cipher-0002,Intel,after,3292.9
cipher-0002,Intel,after,3553.1
cipher-0002,AMD,before,3234.2
cipher-0002,AMD,before,3195.6
cipher-0002,AMD,before,3439.7
cipher-0002,AMD,before,3782.3
cipher-0002,AMD,before,2994.4
cipher-0002,AMD,after,2583.8
cipher-0002,AMD,after,2799.8
cipher-0002,AMD,after,2735.4
cipher-0002,AMD,after,2690.4
cipher-0002,AMD,after,2719.5
cipher-0002,GPU,before,1289.2
cipher-0002,GPU,before,1364.9
cipher-0002,GPU,before,1411.1
cipher-0002,GPU,before,1420.0
cipher-0002,GPU,before,1504.3
cipher-0002,GPU,after,973.6
cipher-0002,GPU,after,926.0
cipher-0002,GPU,after,900.1
cipher-0002,GPU,after,900.9
cipher-0002,GPU,after,831.8
pulse-0003,Intel,before,4421.3
pulse-0003,Intel,before,4497.4
pulse-0003,Intel,before,4764.3
pulse-0003,Intel,before,4096.7
pulse-0003,Intel,before,4359.9
pulse-0003,Intel,after,3316.3
pulse-0003,Intel,after,3161.8
pulse-0003,Intel,after,2738.2
pulse-0003,Intel,after,3346.5
pulse-0003,Intel,after,3634.8
pulse-0003,AMD,before,3789.8
pulse-0003,AMD,before,3911.3
pulse-0003,AMD,before,4064.0
pulse-0003,AMD,before,4609.5
pulse-0003,AMD,before,4159.1
pulse-0003,AMD,after,4161.7
pulse-0003,AMD,after,4519.8
pulse-0003,AMD,after,4113.2
pulse-0003,AMD,after,4595.1
pulse-0003,AMD,after,3963.6
pulse-0003,GPU,before,1819.1
pulse-0003,GPU,before,1892.8
pulse-0003,GPU,before,1812.1
pulse-0003,GPU,before,1775.3
pulse-0003,GPU,before,1553.1
pulse-0003,GPU,after,1350.0
pulse-0003,GPU,after,1358.6
pulse-0003,GPU,after,1365.1
pulse-0003,GPU,after,1459.9
pulse-0003,GPU,after,1381.9
quasar-0004,Intel,before,544.7
quasar-0004,Intel,before,556.8
quasar-0004,Intel,before,539.4
quasar-0004,Intel,before,447.8
quasar-0004,Intel,before,515.3
quasar-0004,Intel,after,428.3
quasar-0004,Intel,after,424.3
quasar-0004,Intel,after,395.5
quasar-0004,Intel,after,423.7
quasar-0004,Intel,after,413.6
quasar-0004,AMD,before,526.4
quasar-0004,AMD,before,476.5
quasar-0004,AMD,before,518.9
quasar-0004,AMD,before,474.0
quasar-0004,AMD,before,473.5
quasar-0004,AMD,after,355.8
quasar-0004,AMD,after,369.1
quasar-0004,AMD,after,347.8
quasar-0004,AMD,after,348.8
quasar-0004,AMD,after,345.5
quasar-0004,GPU,before,219.2
quasar-0004,GPU,before,225.4
quasar-0004,GPU,before,218.9
quasar-0004,GPU,before,210.2
quasar-0004,GPU,before,215.6
quasar-0004,GPU,after,197.1
quasar-0004,GPU,after,173.9
quasar-0004,GPU,after,199.9
quasar-0004,GPU,after,201.0
quasar-0004,GPU,after,178.3
falcon-0005,Intel,before,4718.5
falcon-0005,Intel,before,4319.8
falcon-0005,Intel,before,4660.5
falcon-0005,Intel,before,3999.8
falcon-0005,Intel,before,4182.9
falcon-0005,Intel,after,4064.3
falcon-0005,Intel,after,3973.6
falcon-0005,Intel,after,4446.6
falcon-0005,Intel,after,4140.7
falcon-0005,Intel,after,4155.5
falcon-0005,AMD,before,3555.0
falcon-0005,AMD,before,4455.6
falcon-0005,AMD,before,3885.8
falcon-0005,AMD,before,3851.0
falcon-0005,AMD,before,4424.6
falcon-0005,AMD,after,2262.0
falcon-0005,AMD,after,2321.9
falcon-0005,AMD,after,2429.1
falcon-0005,AMD,after,2346.3
falcon-0005,AMD,after,2397.4
falcon-0005,GPU,before,1709.6
falcon-0005,GPU,before,1735.7
falcon-0005,GPU,before,1830.4
falcon-0005,GPU,before,1976.4
falcon-0005,GPU,before,1659.7
falcon-0005,GPU,after,1527.9
falcon-0005,GPU,after,1587.5
falcon-0005,GPU,after,1492.0
falcon-0005,GPU,after,1603.0
falcon-0005,GPU,after,1531.2
matrix-0006,Intel,before,2540.6
matrix-0006,Intel,before,2859.9
matrix-0006,Intel,before,2608.0
matrix-0006,Intel,before,2697.1
matrix-0006,Intel,before,2852.4
matrix-0006,Intel,after,2373.7
matrix-0006,Intel,after,2576.5
matrix-0006,Intel,after,2453.5
matrix-0006,Intel,after,2149.1
matrix-0006,Intel,after,2404.8
matrix-0006,AMD,before,2536.7
matrix-0006,AMD,before,2801.3
matrix-0006,AMD,before,2493.1
matrix-0006,AMD,before,2550.5
matrix-0006,AMD,before,2286.6
matrix-0006,AMD,after,2670.6
matrix-0006,AMD,after,2472.8
matrix-0006,AMD,after,2434.9
matrix-0006,AMD,after,2689.4
matrix-0006,AMD,after,2388.3
matrix-0006,GPU,before,1122.7
matrix-0006,GPU,before,1184.0
matrix-0006,GPU,before,1020.6
matrix-0006,GPU,before,1017.5
matrix-0006,GPU,before,1127.9
matrix-0006,GPU,after,1036.0
matrix-0006,GPU,after,993.3
matrix-0006,GPU,after,1134.3
matrix-0006,GPU,after,1008.2
matrix-0006,GPU,after,1032.2
sigma-0007,Intel,before,4789.2
sigma-0007,Intel,before,4496.2
sigma-0007,Intel,before,4185.0
sigma-0007,Intel,before,4292.4
sigma-0007,Intel,before,4402.9
sigma-0007,Intel,after,4924.1
sigma-0007,Intel,after,5197.2
sigma-0007,Intel,after,5229.0
sigma-0007,Intel,after,5536.4
sigma-0007,Intel,after,5067.9
sigma-0007,AMD,before,4171.5
sigma-0007,AMD,before,4365.0
sigma-0007,AMD,before,4137.6
sigma-0007,AMD,before,3715.9
sigma-0007,AMD,before,4151.2
sigma-0007,AMD,after,3361.1
sigma-0007,AMD,after,3257.7
sigma-0007,AMD,after,3895.4
sigma-0007,AMD,after,3496.0
sigma-0007,AMD,after,3656.5
sigma-0007,GPU,before,1762.5
sigma-0007,GPU,before,1769.8
sigma-0007,GPU,before,1591.6
sigma-0007,GPU,before,1784.8
sigma-0007,GPU,before,1792.0
sigma-0007,GPU,after,1908.1
sigma-0007,GPU,after,1733.1
sigma-0007,GPU,after,1969.0
sigma-0007,GPU,after,1678.9
sigma-0007,GPU,after,1809.8
raster-0008,Intel,before,1825.6
raster-0008,Intel,before,2337.4
raster-0008,Intel,before,2240.5
raster-0008,Intel,before,2077.5
raster-0008,Intel,before,2023.8
raster-0008,Intel,after,1853.4
raster-0008,Intel,after,2064.5
raster-0008,Intel,after,2115.1
raster-0008,Intel,after,1952.7
raster-0008,Intel,after,1789.9
raster-0008,AMD,before,2002.0
raster-0008,AMD,before,1656.6
raster-0008,AMD,before,1758.7
raster-0008,AMD,before,1959.6
raster-0008,AMD,before,1973.4
raster-0008,AMD,after,1575.7
raster-0008,AMD,after,1494.4
raster-0008,AMD,after,1330.0
raster-0008,AMD,after,1430.6
raster-0008,AMD,after,1384.0
raster-0008,GPU,before,752.9
raster-0008,GPU,before,897.1
raster-0008,GPU,before,826.7
raster-0008,GPU,before,846.7
raster-0008,GPU,before,792.9
raster-0008,GPU,after,1121.5
raster-0008,GPU,after,955.3
raster-0008,GPU,after,1005.0
raster-0008,GPU,after,1040.5
raster-0008,GPU,after,947.7
sigma-0009,Intel,before,2812.7
sigma-0009,Intel,before,2589.0
sigma-0009,Intel,before,2791.2
sigma-0009,Intel,before,2646.8
sigma-0009,Intel,before,2603.9
sigma-0009,Intel,after,2525.3
sigma-0009,Intel,after,2428.5
sigma-0009,Intel,after,2332.4
sigma-0009,Intel,after,2513.4
sigma-0009,Intel,after,2549.9
sigma-0009,AMD,before,2071.9
sigma-0009,AMD,before,2210.7
sigma-0009,AMD,before,2022.4
sigma-0009,AMD,before,1994.7
sigma-0009,AMD,before,2352.5
sigma-0009,AMD,after,2016.1
sigma-0009,AMD,after,1987.7
sigma-0009,AMD,after,1850.0
sigma-0009,AMD,after,1929.1
sigma-0009,AMD,after,1923.2
sigma-0009,GPU,before,899.7
sigma-0009,GPU,before,999.1
sigma-0009,GPU,before,966.9
sigma-0009,GPU,before,996.5
sigma-0009,GPU,before,929.4
sigma-0009,GPU,after,731.8
sigma-0009,GPU,after,701.0
sigma-0009,GPU,after,662.1
sigma-0009,GPU,after,741.7
sigma-0009,GPU,after,592.1
sigma-0010,Intel,before,3159.4
sigma-0010,Intel,before,2709.0
sigma-0010,Intel,before,2945.5
sigma-0010,Intel,before,3410.7
sigma-0010,Intel,before,3031.5
sigma-0010,Intel,after,2595.7
sigma-0010,Intel,after,2745.7
sigma-0010,Intel,after,2829.8
sigma-0010,Intel,after,2560.2
sigma-0010,Intel,after,2509.0
sigma-0010,AMD,before,2899.8
sigma-0010,AMD,before,2795.8
sigma-0010,AMD,before,2364.5
sigma-0010,AMD,before,2924.9
sigma-0010,AMD,before,2828.7
sigma-0010,AMD,after,2370.4
sigma-0010,AMD,after,2349.0
sigma-0010,AMD,after,2436.4
sigma-0010,AMD,after,2179.1
sigma-0010,AMD,after,2532.0
sigma-0010,GPU,before,1133.0
sigma-0010,GPU,before,1161.2
sigma-0010,GPU,before,1222.2
sigma-0010,GPU,before,1061.1
sigma-0010,GPU,before,1071.3
sigma-0010,GPU,after,1288.0
sigma-0010,GPU,after,1293.0
sigma-0010,GPU,after,1248.8
sigma-0010,GPU,after,1208.6
sigma-0010,GPU,after,1217.5
helix-0011,Intel,before,3682.3
helix-0011,Intel,before,3932.2
helix-0011,Intel,before,3382.1
helix-0011,Intel,before,3673.9
helix-0011,Intel,before,3857.4
helix-0011,Intel,after,3790.5
helix-0011,Intel,after,3987.4
helix-0011,Intel,after,3692.5
helix-0011,Intel,after,4102.1
helix-0011,Intel,after,4027.3
helix-0011,AMD,before,3098.5
helix-0011,AMD,before,3191.2
helix-0011,AMD,before,3211.8
helix-0011,AMD,before,3543.8
helix-0011,AMD,before,3190.3
helix-0011,AMD,after,2358.3
helix-0011,AMD,after,2435.0
helix-0011,AMD,after,2159.2
helix-0011,AMD,after,2289.3
helix-0011,AMD,after,2542.8
helix-0011,GPU,before,1412.8
helix-0011,GPU,before,1410.7
helix-0011,GPU,before,1519.6
helix-0011,GPU,before,1578.1
helix-0011,GPU,before,1514.2
helix-0011,GPU,after,1621.2
helix-0011,GPU,after,1674.5
helix-0011,GPU,after,1598.3
helix-0011,GPU,after,1834.5
helix-0011,GPU,after,1782.5
pulse-0012,Intel,before,3787.3
pulse-0012,Intel,before,3801.9
pulse-0012,Intel,before,3486.2
pulse-0012,Intel,before,3716.1
pulse-0012,Intel,before,3576.3
pulse-0012,Intel,after,2988.8
pulse-0012,Intel,after,3399.2
pulse-0012,Intel,after,3359.2
pulse-0012,Intel,after,3244.6
pulse-0012,Intel,after,3054.3
pulse-0012,AMD,before,3491.4
pulse-0012,AMD,before,3372.7
pulse-0012,AMD,before,3049.8
pulse-0012,AMD,before,3380.3
pulse-0012,AMD,before,3082.9
pulse-0012,AMD,after,1961.6
pulse-0012,AMD,after,1981.6
pulse-0012,AMD,after,2006.6
pulse-0012,AMD,after,1990.3
pulse-0012,AMD,after,1984.9
pulse-0012,GPU,before,1441.1
pulse-0012,GPU,before,1429.8
pulse-0012,GPU,before,1454.2
pulse-0012,GPU,before,1498.9
pulse-0012,GPU,before,1529.8
pulse-0012,GPU,after,1148.4
pulse-0012,GPU,after,884.6
pulse-0012,GPU,after,1071.0
pulse-0012,GPU,after,1033.4
pulse-0012,GPU,after,1188.6
ember-0013,Intel,before,600.6
ember-0013,Intel,before,592.0
ember-0013,Intel,before,543.7
ember-0013,Intel,before,586.8
ember-0013,Intel,before,580.7
ember-0013,Intel,after,616.8
ember-0013,Intel,after,577.2
ember-0013,Intel,after,576.4
ember-0013,Intel,after,595.0
ember-0013,Intel,after,618.1
ember-0013,AMD,before,550.2
ember-0013,AMD,before,564.7
ember-0013,AMD,before,506.4
ember-0013,AMD,before,573.1
ember-0013,AMD,before,558.1
ember-0013,AMD,after,410.5
ember-0013,AMD,after,424.6
ember-0013,AMD,after,443.0
ember-0013,AMD,after,372.6
ember-0013,AMD,after,464.8
ember-0013,GPU,before,220.9
ember-0013,GPU,before,225.2
ember-0013,GPU,before,218.2
ember-0013,GPU,before,222.6
ember-0013,GPU,before,229.9
ember-0013,GPU,after,149.8
ember-0013,GPU,after,169.0
ember-0013,GPU,after,167.8
ember-0013,GPU,after,169.2
ember-0013,GPU,after,176.0
pulse-0014,Intel,before,4218.1
pulse-0014,Intel,before,4553.2
pulse-0014,Intel,before,4046.1
pulse-0014,Intel,before,4144.4
pulse-0014,Intel,before,4745.0
pulse-0014,Intel,after,4954.9
pulse-0014,Intel,after,4832.0
pulse-0014,Intel,after,4680.4
pulse-0014,Intel,after,4729.0
pulse-0014,Intel,after,4471.9
pulse-0014,AMD,before,4014.6
pulse-0014,AMD,before,4016.2
pulse-0014,AMD,before,4489.3
pulse-0014,AMD,before,4017.7
pulse-0014,AMD,before,3951.8
pulse-0014,AMD,after,4670.5
pulse-0014,AMD,after,4053.0
pulse-0014,AMD,after,4208.3
pulse-0014,AMD,after,3490.0
pulse-0014,AMD,after,5055.1
pulse-0014,GPU,before,1670.4
pulse-0014,GPU,before,1823.7
pulse-0014,GPU,before,1499.7
pulse-0014,GPU,before,1949.2
pulse-0014,GPU,before,1822.7
pulse-0014,GPU,after,1317.8
pulse-0014,GPU,after,1261.2
pulse-0014,GPU,after,1301.3
pulse-0014,GPU,after,1336.9
pulse-0014,GPU,after,1348.0
atlas-0015,Intel,before,1428.4
atlas-0015,Intel,before,1519.0
atlas-0015,Intel,before,1354.3
atlas-0015,Intel,before,1418.5
atlas-0015,Intel,before,1275.1
atlas-0015,Intel,after,1443.7
atlas-0015,Intel,after,1543.0
atlas-0015,Intel,after,1521.6
atlas-0015,Intel,after,1397.5
atlas-0015,Intel,after,1378.2
atlas-0015,AMD,before,1152.9
atlas-0015,AMD,before,1183.7
atlas-0015,AMD,before,1448.8
atlas-0015,AMD,before,1166.9
atlas-0015,AMD,before,1464.3
atlas-0015,AMD,after,966.2
atlas-0015,AMD,after,869.0
atlas-0015,AMD,after,875.3
atlas-0015,AMD,after,890.0
atlas-0015,AMD,after,878.2
atlas-0015,GPU,before,552.4
atlas-0015,GPU,before,594.2
atlas-0015,GPU,before,537.4
atlas-0015,GPU,before,568.9
atlas-0015,GPU,before,566.6
atlas-0015,GPU,after,579.6
atlas-0015,GPU,after,483.5
atlas-0015,GPU,after,466.2
atlas-0015,GPU,after,561.6
atlas-0015,GPU,after,518.5
nimbus-0016,Intel,before,3398.3
nimbus-0016,Intel,before,3398.2
nimbus-0016,Intel,before,3293.4
nimbus-0016,Intel,before,3032.9
nimbus-0016,Intel,before,3392.1
nimbus-0016,Intel,after,2210.2
nimbus-0016,Intel,after,2114.3
nimbus-0016,Intel,after,2258.0
nimbus-0016,Intel,after,2138.9
nimbus-0016,Intel,after,2210.3
nimbus-0016,AMD,before,2981.2
nimbus-0016,AMD,before,2924.8
nimbus-0016,AMD,before,3244.8
nimbus-0016,AMD,before,3168.3
nimbus-0016,AMD,before,3063.4
nimbus-0016,AMD,after,2247.1
nimbus-0016,AMD,after,2388.2
nimbus-0016,AMD,after,2262.8
nimbus-0016,AMD,after,2276.5
nimbus-0016,AMD,after,2245.9
nimbus-0016,GPU,before,1314.7
nimbus-0016,GPU,before,1342.3
nimbus-0016,GPU,before,1239.4
nimbus-0016,GPU,before,1337.0
nimbus-0016,GPU,before,1356.4
nimbus-0016,GPU,after,1097.4
nimbus-0016,GPU,after,1106.1
nimbus-0016,GPU,after,982.6
nimbus-0016,GPU,after,1001.8
nimbus-0016,GPU,after,1030.5
pulse-0017,Intel,before,4751.8
pulse-0017,Intel,before,4562.3
pulse-0017,Intel,before,5229.3
pulse-0017,Intel,before,5169.5
pulse-0017,Intel,before,4858.4
pulse-0017,Intel,after,3286.2
pulse-0017,Intel,after,3471.7
pulse-0017,Intel,after,3712.3
pulse-0017,Intel,after,3470.0
pulse-0017,Intel,after,3325.7
pulse-0017,AMD,before,4187.6
pulse-0017,AMD,before,4394.4
pulse-0017,AMD,before,4219.9
pulse-0017,AMD,before,4395.6
pulse-0017,AMD,before,5126.4
pulse-0017,AMD,after,3409.6
pulse-0017,AMD,after,2889.9
pulse-0017,AMD,after,3145.2
pulse-0017,AMD,after,3097.8
pulse-0017,AMD,after,3056.2
pulse-0017,GPU,before,1871.0
pulse-0017,GPU,before,1871.8
pulse-0017,GPU,before,1866.1
pulse-0017,GPU,before,1897.6
pulse-0017,GPU,before,2056.3
pulse-0017,GPU,after,2070.9
pulse-0017,GPU,after,1819.5
pulse-0017,GPU,after,1926.3
pulse-0017,GPU,after,1884.0
pulse-0017,GPU,after,2075.6
kernel-0018,Intel,before,1825.7
kernel-0018,Intel,before,1958.1
kernel-0018,Intel,before,1679.7
kernel-0018,Intel,before,1631.4
kernel-0018,Intel,before,1889.7
kernel-0018,Intel,after,1537.2
kernel-0018,Intel,after,1331.0
kernel-0018,Intel,after,1322.2
kernel-0018,Intel,after,1508.3
kernel-0018,Intel,after,1420.0
kernel-0018,AMD,before,1786.9
kernel-0018,AMD,before,1835.1
kernel-0018,AMD,before,1609.2
kernel-0018,AMD,before,1630.1
kernel-0018,AMD,before,1688.4
kernel-0018,AMD,after,1392.3
kernel-0018,AMD,after,1623.3
kernel-0018,AMD,after,1693.4
kernel-0018,AMD,after,1476.4
kernel-0018,AMD,after,1517.2
kernel-0018,GPU,before,778.4
kernel-0018,GPU,before,677.8
kernel-0018,GPU,before,753.0
kernel-0018,GPU,before,748.9
kernel-0018,GPU,before,684.7
kernel-0018,GPU,after,582.5
kernel-0018,GPU,after,576.1
kernel-0018,GPU,after,552.1
kernel-0018,GPU,after,651.5
kernel-0018,GPU,after,537.7
glide-0019,Intel,before,3617.9
glide-0019,Intel,before,3511.0
glide-0019,Intel,before,3809.5
glide-0019,Intel,before,3842.5
glide-0019,Intel,before,3648.3
glide-0019,Intel,after,2568.1
glide-0019,Intel,after,2912.4
glide-0019,Intel,after,2895.0
glide-0019,Intel,after,2390.7
glide-0019,Intel,after,2568.1
glide-0019,AMD,before,3220.0
glide-0019,AMD,before,3046.8
glide-0019,AMD,before,3524.7
glide-0019,AMD,before,3325.7
glide-0019,AMD,before,3552.8
glide-0019,AMD,after,3568.2
glide-0019,AMD,after,4356.2
glide-0019,AMD,after,4167.5
glide-0019,AMD,after,3911.5
glide-0019,AMD,after,3874.9
glide-0019,GPU,before,1414.1
glide-0019,GPU,before,1539.1
glide-0019,GPU,before,1427.7
glide-0019,GPU,before,1509.7
glide-0019,GPU,before,1326.8
glide-0019,GPU,after,1395.3
glide-0019,GPU,after,1295.3
glide-0019,GPU,after,1414.3
glide-0019,GPU,after,1405.9
glide-0019,GPU,after,1435.3
ember-0020,Intel,before,4483.6
ember-0020,Intel,before,4096.9
ember-0020,Intel,before,4395.6
ember-0020,Intel,before,3797.4
ember-0020,Intel,before,4143.6
ember-0020,Intel,after,3625.4
ember-0020,Intel,after,3528.2
ember-0020,Intel,after,4138.0
ember-0020,Intel,after,3983.7
ember-0020,Intel,after,3892.3
ember-0020,AMD,before,4422.1
ember-0020,AMD,before,4270.2
ember-0020,AMD,before,4156.9
ember-0020,AMD,before,4013.1
ember-0020,AMD,before,3983.4
ember-0020,AMD,after,3253.1
ember-0020,AMD,after,3328.7
ember-0020,AMD,after,3046.8
ember-0020,AMD,after,3340.4
ember-0020,AMD,after,3477.6
ember-0020,GPU,before,1642.9
ember-0020,GPU,before,1781.1
ember-0020,GPU,before,1665.3
ember-0020,GPU,before,1625.0
ember-0020,GPU,before,2009.1
ember-0020,GPU,after,1537.7
ember-0020,GPU,after,1491.5
ember-0020,GPU,after,1441.6
ember-0020,GPU,after,1554.4
ember-0020,GPU,after,1534.8
beacon-0021,Intel,before,4046.2
beacon-0021,Intel,before,3814.7
beacon-0021,Intel,before,4057.9
beacon-0021,Intel,before,3839.3
beacon-0021,Intel,before,4051.6
beacon-0021,Intel,after,2217.2
beacon-0021,Intel,after,2113.3
beacon-0021,Intel,after,2133.5
beacon-0021,Intel,after,2129.0
beacon-0021,Intel,after,2154.8
beacon-0021,AMD,before,3832.9
beacon-0021,AMD,before,3664.2
beacon-0021,AMD,before,3446.7
beacon-0021,AMD,before,3684.5
beacon-0021,AMD,before,3783.1
beacon-0021,AMD,after,3943.1
beacon-0021,AMD,after,3834.0
beacon-0021,AMD,after,3800.9
beacon-0021,AMD,after,4218.7
beacon-0021,AMD,after,3952.8
beacon-0021,GPU,before,1386.9
beacon-0021,GPU,before,1560.1
beacon-0021,GPU,before,1515.9
beacon-0021,GPU,before,1584.0
beacon-0021,GPU,before,1711.2
beacon-0021,GPU,after,1706.9
beacon-0021,GPU,after,1823.9
beacon-0021,GPU,after,1803.2
beacon-0021,GPU,after,1628.5
beacon-0021,GPU,after,1846.8
helix-0022,Intel,before,749.4
helix-0022,Intel,before,727.9
helix-0022,Intel,before,790.2
helix-0022,Intel,before,696.1
helix-0022,Intel,before,704.3
helix-0022,Intel,after,678.2
helix-0022,Intel,after,695.1
helix-0022,Intel,after,696.8
helix-0022,Intel,after,724.7
helix-0022,Intel,after,646.3
helix-0022,AMD,before,682.5
helix-0022,AMD,before,622.4
helix-0022,AMD,before,658.4
helix-0022,AMD,before,747.0
helix-0022,AMD,before,695.2
helix-0022,AMD,after,680.7
helix-0022,AMD,after,599.7
helix-0022,AMD,after,669.6
helix-0022,AMD,after,670.9
helix-0022,AMD,after,703.7
helix-0022,GPU,before,301.6
helix-0022,GPU,before,294.1
helix-0022,GPU,before,272.5
helix-0022,GPU,before,268.1
helix-0022,GPU,before,285.1
helix-0022,GPU,after,344.1
helix-0022,GPU,after,417.9
helix-0022,GPU,after,345.5
helix-0022,GPU,after,341.0
helix-0022,GPU,after,378.0
spark-0023,Intel,before,2363.3
spark-0023,Intel,before,2508.2
spark-0023,Intel,before,2463.8
spark-0023,Intel,before,2256.2
spark-0023,Intel,before,2371.0
spark-0023,Intel,after,2034.3
spark-0023,Intel,after,2297.0
spark-0023,Intel,after,1978.6
spark-0023,Intel,after,2245.4
spark-0023,Intel,after,2256.6
spark-0023,AMD,before,2064.2
spark-0023,AMD,before,2331.7
spark-0023,AMD,before,2226.7
spark-0023,AMD,before,2209.6
spark-0023,AMD,before,2250.6
spark-0023,AMD,after,1671.7
spark-0023,AMD,after,1596.1
spark-0023,AMD,after,1686.6
spark-0023,AMD,after,1689.4
spark-0023,AMD,after,1534.3
spark-0023,GPU,before,1011.1
spark-0023,GPU,before,888.4
spark-0023,GPU,before,1025.7
spark-0023,GPU,before,990.9
spark-0023,GPU,before,879.3
spark-0023,GPU,after,702.4
spark-0023,GPU,after,743.6
spark-0023,GPU,after,719.4
spark-0023,GPU,after,738.9
spark-0023,GPU,after,777.1
drift-0024,Intel,before,1176.7
drift-0024,Intel,before,1275.0
drift-0024,Intel,before,1314.1
drift-0024,Intel,before,1177.0
drift-0024,Intel,before,1257.9
drift-0024,Intel,after,883.0
drift-0024,Intel,after,864.4
drift-0024,Intel,after,765.9
drift-0024,Intel,after,860.9
drift-0024,Intel,after,795.4
drift-0024,AMD,before,1156.6
drift-0024,AMD,before,1145.2
drift-0024,AMD,before,936.3
drift-0024,AMD,before,1145.5
drift-0024,AMD,before,1150.7
drift-0024,AMD,after,1077.2
drift-0024,AMD,after,1234.6
drift-0024,AMD,after,1171.9
drift-0024,AMD,after,1153.9
drift-0024,AMD,after,1116.7
drift-0024,GPU,before,467.6
drift-0024,GPU,before,569.0
drift-0024,GPU,before,486.0
drift-0024,GPU,before,486.1
drift-0024,GPU,before,461.5
drift-0024,GPU,after,336.2
drift-0024,GPU,after,337.6
drift-0024,GPU,after,330.6
drift-0024,GPU,after,367.5
drift-0024,GPU,after,343.5
anvil-0025,Intel,before,2961.8
anvil-0025,Intel,before,2924.6
anvil-0025,Intel,before,2807.6
anvil-0025,Intel,before,2924.8
anvil-0025,Intel,before,2816.4
anvil-0025,Intel,after,3024.5
anvil-0025,Intel,after,2651.2
anvil-0025,Intel,after,2942.0
anvil-0025,Intel,after,2734.0
anvil-0025,Intel,after,2951.1
anvil-0025,AMD,before,2769.2
anvil-0025,AMD,before,2788.8
anvil-0025,AMD,before,2801.6
anvil-0025,AMD,before,2682.0
anvil-0025,AMD,before,2731.1
anvil-0025,AMD,after,2943.5
anvil-0025,AMD,after,2805.4
anvil-0025,AMD,after,2741.6
anvil-0025,AMD,after,2690.3
anvil-0025,AMD,after,3243.8
anvil-0025,GPU,before,1038.6
anvil-0025,GPU,before,1194.5
anvil-0025,GPU,before,1077.0
anvil-0025,GPU,before,1254.2
anvil-0025,GPU,before,1180.5
anvil-0025,GPU,after,1095.7
anvil-0025,GPU,after,1122.3
anvil-0025,GPU,after,1148.1
anvil-0025,GPU,after,1084.2
anvil-0025,GPU,after,1040.4
beacon-0026,Intel,before,2929.5
beacon-0026,Intel,before,3051.2
beacon-0026,Intel,before,3498.0
beacon-0026,Intel,before,3207.9
beacon-0026,Intel,before,3747.5
beacon-0026,Intel,after,2588.2
beacon-0026,Intel,after,2688.8
beacon-0026,Intel,after,2764.7
beacon-0026,Intel,after,2841.6
beacon-0026,Intel,after,2518.7
beacon-0026,AMD,before,2979.6
beacon-0026,AMD,before,3087.4
beacon-0026,AMD,before,2913.2
beacon-0026,AMD,before,3014.2
beacon-0026,AMD,before,2904.6
beacon-0026,AMD,after,2661.3
beacon-0026,AMD,after,2649.3
beacon-0026,AMD,after,2751.9
beacon-0026,AMD,after,2809.1
beacon-0026,AMD,after,3014.7
beacon-0026,GPU,before,1267.8
beacon-0026,GPU,before,1333.3
beacon-0026,GPU,before,1445.1
beacon-0026,GPU,before,1396.2
beacon-0026,GPU,before,1275.0
beacon-0026,GPU,after,936.3
beacon-0026,GPU,after,847.2
beacon-0026,GPU,after,949.7
beacon-0026,GPU,after,886.7
beacon-0026,GPU,after,878.5
falcon-0027,Intel,before,2915.2
falcon-0027,Intel,before,2816.8
falcon-0027,Intel,before,3119.2
falcon-0027,Intel,before,2894.5
falcon-0027,Intel,before,2878.0
falcon-0027,Intel,after,2390.4
falcon-0027,Intel,after,2449.4
falcon-0027,Intel,after,2360.8
falcon-0027,Intel,after,2520.4
falcon-0027,Intel,after,2272.4
falcon-0027,AMD,before,2651.6
falcon-0027,AMD,before,2697.4
falcon-0027,AMD,before,3087.2
falcon-0027,AMD,before,3031.5
falcon-0027,AMD,before,2714.8
falcon-0027,AMD,after,1867.8
falcon-0027,AMD,after,1880.0
falcon-0027,AMD,after,1957.9
falcon-0027,AMD,after,1830.4
falcon-0027,AMD,after,1983.1
falcon-0027,GPU,before,1066.7
falcon-0027,GPU,before,1127.0
falcon-0027,GPU,before,1222.2
falcon-0027,GPU,before,1269.3
falcon-0027,GPU,before,1203.0
falcon-0027,GPU,after,971.6
falcon-0027,GPU,after,1037.3
falcon-0027,GPU,after,1119.1
falcon-0027,GPU,after,1043.5
falcon-0027,GPU,after,933.2
omega-0028,Intel,before,3419.9
omega-0028,Intel,before,3583.1
omega-0028,Intel,before,3611.7
omega-0028,Intel,before,3840.6
omega-0028,Intel,before,3694.8
omega-0028,Intel,after,4033.7
omega-0028,Intel,after,4121.2
omega-0028,Intel,after,3966.7
omega-0028,Intel,after,4066.4
omega-0028,Intel,after,3903.6
omega-0028,AMD,before,3630.1
omega-0028,AMD,before,3639.2
omega-0028,AMD,before,3586.7
omega-0028,AMD,before,3493.8
omega-0028,AMD,before,3594.6
omega-0028,AMD,after,3051.5
omega-0028,AMD,after,3415.2
omega-0028,AMD,after,3167.7
omega-0028,AMD,after,3273.3
omega-0028,AMD,after,3368.7
omega-0028,GPU,before,1693.4
omega-0028,GPU,before,1633.0
omega-0028,GPU,before,1470.1
omega-0028,GPU,before,1469.4
omega-0028,GPU,before,1573.0
omega-0028,GPU,after,1126.7
omega-0028,GPU,after,1025.6
omega-0028,GPU,after,1153.2
omega-0028,GPU,after,1016.5
omega-0028,GPU,after,1086.2
orbit-0029,Intel,before,4216.8
orbit-0029,Intel,before,4491.1
orbit-0029,Intel,before,4007.2
orbit-0029,Intel,before,4789.2
orbit-0029,Intel,before,4505.9
orbit-0029,Intel,after,3763.5
orbit-0029,Intel,after,3623.6
orbit-0029,Intel,after,3225.8
orbit-0029,Intel,after,3662.6
orbit-0029,Intel,after,3399.0
orbit-0029,AMD,before,3967.7
orbit-0029,AMD,before,4102.1
orbit-0029,AMD,before,4128.7
orbit-0029,AMD,before,4375.3
orbit-0029,AMD,before,4374.0
orbit-0029,AMD,after,3463.8
orbit-0029,AMD,after,3682.4
orbit-0029,AMD,after,4008.9
orbit-0029,AMD,after,3795.4
orbit-0029,AMD,after,3524.8
orbit-0029,GPU,before,1780.2
orbit-0029,GPU,before,1920.8
orbit-0029,GPU,before,1821.7
orbit-0029,GPU,before,1859.0
orbit-0029,GPU,before,2059.3
orbit-0029,GPU,after,1437.3
orbit-0029,GPU,after,1471.5
orbit-0029,GPU,after,1404.0
orbit-0029,GPU,after,1417.1
orbit-0029,GPU,after,1647.4
vector-0030,Intel,before,3365.8
vector-0030,Intel,before,3534.6
vector-0030,Intel,before,3422.6
vector-0030,Intel,before,3599.5
vector-0030,Intel,before,3617.7
vector-0030,Intel,after,2537.3
vector-0030,Intel,after,2613.7
vector-0030,Intel,after,2620.6
vector-0030,Intel,after,2945.3
vector-0030,Intel,after,2793.4
vector-0030,AMD,before,2865.7
vector-0030,AMD,before,3125.0
vector-0030,AMD,before,2953.0
vector-0030,AMD,before,3033.0
vector-0030,AMD,before,3005.2
vector-0030,AMD,after,2617.2
vector-0030,AMD,after,2665.7
vector-0030,AMD,after,2897.3
vector-0030,AMD,after,2671.5
vector-0030,AMD,after,2861.5
vector-0030,GPU,before,1435.0
vector-0030,GPU,before,1354.2
vector-0030,GPU,before,1165.8
vector-0030,GPU,before,1373.2
vector-0030,GPU,before,1477.7
vector-0030,GPU,after,1371.9
vector-0030,GPU,after,1355.0
vector-0030,GPU,after,1316.0
vector-0030,GPU,after,1532.4
vector-0030,GPU,after,1394.1
matrix-0031,Intel,before,2793.8
matrix-0031,Intel,before,3161.8
matrix-0031,Intel,before,2996.1
matrix-0031,Intel,before,2723.2
matrix-0031,Intel,before,2653.5
matrix-0031,Intel,after,2631.5
matrix-0031,Intel,after,2494.9
matrix-0031,Intel,after,2356.3
matrix-0031,Intel,after,2125.9
matrix-0031,Intel,after,2524.8
matrix-0031,AMD,before,2867.0
matrix-0031,AMD,before,2566.7
matrix-0031,AMD,before,2383.0
matrix-0031,AMD,before,2685.1
matrix-0031,AMD,before,2803.0
matrix-0031,AMD,after,1864.6
matrix-0031,AMD,after,1858.4
matrix-0031,AMD,after,1728.0
matrix-0031,AMD,after,1914.0
matrix-0031,AMD,after,1660.1
matrix-0031,GPU,before,1086.1
matrix-0031,GPU,before,1221.8
matrix-0031,GPU,before,1071.1
matrix-0031,GPU,before,1098.5
matrix-0031,GPU,before,922.4
matrix-0031,GPU,after,953.9
matrix-0031,GPU,after,999.0
matrix-0031,GPU,after,947.5
matrix-0031,GPU,after,974.5
matrix-0031,GPU,after,1000.6
lumen-0032,Intel,before,2570.5
lumen-0032,Intel,before,2704.5
lumen-0032,Intel,before,2562.8
lumen-0032,Intel,before,2613.9
lumen-0032,Intel,before,2429.5
lumen-0032,Intel,after,2675.3
lumen-0032,Intel,after,2808.2
lumen-0032,Intel,after,2756.7
lumen-0032,Intel,after,2807.0
lumen-0032,Intel,after,2960.4
lumen-0032,AMD,before,2320.8
lumen-0032,AMD,before,2423.8
lumen-0032,AMD,before,2459.8
lumen-0032,AMD,before,2269.9
lumen-0032,AMD,before,2394.1
lumen-0032,AMD,after,2146.6
lumen-0032,AMD,after,1756.9
lumen-0032,AMD,after,1764.1
lumen-0032,AMD,after,1936.9
lumen-0032,AMD,after,1939.9
lumen-0032,GPU,before,955.5
lumen-0032,GPU,before,1061.0
lumen-0032,GPU,before,1007.8
lumen-0032,GPU,before,1011.5
lumen-0032,GPU,before,941.0
lumen-0032,GPU,after,878.4
lumen-0032,GPU,after,893.4
lumen-0032,GPU,after,866.2
lumen-0032,GPU,after,988.9
lumen-0032,GPU,after,790.5
cipher-0033,Intel,before,3062.5
cipher-0033,Intel,before,2962.1
cipher-0033,Intel,before,2800.6
cipher-0033,Intel,before,3157.7
cipher-0033,Intel,before,2916.1
cipher-0033,Intel,after,1679.9
cipher-0033,Intel,after,1668.7
cipher-0033,Intel,after,1543.5
cipher-0033,Intel,after,1695.4
cipher-0033,Intel,after,1831.1
cipher-0033,AMD,before,2623.5
cipher-0033,AMD,before,2798.5
cipher-0033,AMD,before,2919.5
cipher-0033,AMD,before,2860.9
cipher-0033,AMD,before,2796.4
cipher-0033,AMD,after,2483.9
cipher-0033,AMD,after,2924.8
cipher-0033,AMD,after,2708.9
cipher-0033,AMD,after,3019.8
cipher-0033,AMD,after,2576.4
cipher-0033,GPU,before,1102.9
cipher-0033,GPU,before,1217.5
cipher-0033,GPU,before,1231.6
cipher-0033,GPU,before,1205.9
cipher-0033,GPU,before,1254.8
cipher-0033,GPU,after,886.2
cipher-0033,GPU,after,821.2
cipher-0033,GPU,after,812.2
cipher-0033,GPU,after,852.2
cipher-0033,GPU,after,793.4
cobalt-0034,Intel,before,1716.0
cobalt-0034,Intel,before,1603.1
cobalt-0034,Intel,before,1607.3
cobalt-0034,Intel,before,1680.3
cobalt-0034,Intel,before,1827.7
cobalt-0034,Intel,after,1863.4
cobalt-0034,Intel,after,1802.5
cobalt-0034,Intel,after,1739.6
cobalt-0034,Intel,after,1771.6
cobalt-0034,Intel,after,1786.6
cobalt-0034,AMD,before,1637.4
cobalt-0034,AMD,before,1413.9
cobalt-0034,AMD,before,1646.5
cobalt-0034,AMD,before,1593.4
cobalt-0034,AMD,before,1514.4
cobalt-0034,AMD,after,1725.2
cobalt-0034,AMD,after,1701.4
cobalt-0034,AMD,after,1667.0
cobalt-0034,AMD,after,1503.0
cobalt-0034,AMD,after,1683.6
cobalt-0034,GPU,before,675.2
cobalt-0034,GPU,before,612.6
cobalt-0034,GPU,before,695.7
cobalt-0034,GPU,before,706.4
cobalt-0034,GPU,before,684.5
cobalt-0034,GPU,after,669.1
cobalt-0034,GPU,after,638.7
cobalt-0034,GPU,after,626.7
cobalt-0034,GPU,after,673.0
cobalt-0034,GPU,after,638.5
nimbus-0035,Intel,before,3346.5
nimbus-0035,Intel,before,2907.7
nimbus-0035,Intel,before,3331.0
nimbus-0035,Intel,before,3350.3
nimbus-0035,Intel,before,3763.2
nimbus-0035,Intel,after,3394.3
nimbus-0035,Intel,after,3072.8
nimbus-0035,Intel,after,3181.7
nimbus-0035,Intel,after,3165.5
nimbus-0035,Intel,after,3302.8
nimbus-0035,AMD,before,3043.2
nimbus-0035,AMD,before,3208.6
nimbus-0035,AMD,before,3297.1
nimbus-0035,AMD,before,2653.6
nimbus-0035,AMD,before,2870.2
nimbus-0035,AMD,after,3802.4
nimbus-0035,AMD,after,3529.6
nimbus-0035,AMD,after,4231.6
nimbus-0035,AMD,after,3575.4
nimbus-0035,AMD,after,3953.1
nimbus-0035,GPU,before,1509.3
nimbus-0035,GPU,before,1235.4
nimbus-0035,GPU,before,1403.8
nimbus-0035,GPU,before,1464.3
nimbus-0035,GPU,before,1467.8
nimbus-0035,GPU,after,1181.4
nimbus-0035,GPU,after,1162.1
nimbus-0035,GPU,after,1282.8
nimbus-0035,GPU,after,1185.9
nimbus-0035,GPU,after,1084.3
anvil-0036,Intel,before,1242.1
anvil-0036,Intel,before,1008.7
anvil-0036,Intel,before,1305.5
anvil-0036,Intel,before,1166.1
anvil-0036,Intel,before,1096.7
anvil-0036,Intel,after,942.1
anvil-0036,Intel,after,979.1
anvil-0036,Intel,after,1003.2
anvil-0036,Intel,after,964.3
anvil-0036,Intel,after,897.7
anvil-0036,AMD,before,1173.8
anvil-0036,AMD,before,1136.0
anvil-0036,AMD,before,1125.8
anvil-0036,AMD,before,1198.6
anvil-0036,AMD,before,1226.4
anvil-0036,AMD,after,1050.2
anvil-0036,AMD,after,1091.2
anvil-0036,AMD,after,1160.4
anvil-0036,AMD,after,1186.7
anvil-0036,AMD,after,1225.7
anvil-0036,GPU,before,530.5
anvil-0036,GPU,before,481.1
anvil-0036,GPU,before,428.3
anvil-0036,GPU,before,517.6
anvil-0036,GPU,before,495.1
anvil-0036,GPU,after,346.2
anvil-0036,GPU,after,358.7
anvil-0036,GPU,after,366.7
anvil-0036,GPU,after,340.2
anvil-0036,GPU,after,356.1
cobalt-0037,Intel,before,1561.4
cobalt-0037,Intel,before,1578.8
cobalt-0037,Intel,before,1696.1
cobalt-0037,Intel,before,1760.7
cobalt-0037,Intel,before,1697.8
cobalt-0037,Intel,after,1189.6
cobalt-0037,Intel,after,1088.5
cobalt-0037,Intel,after,1197.6
cobalt-0037,Intel,after,1126.7
cobalt-0037,Intel,after,1077.0
cobalt-0037,AMD,before,1495.1
cobalt-0037,AMD,before,1434.1
cobalt-0037,AMD,before,1545.2
cobalt-0037,AMD,before,1644.8
cobalt-0037,AMD,before,1400.4
cobalt-0037,AMD,after,1074.3
cobalt-0037,AMD,after,1131.3
cobalt-0037,AMD,after,1202.0
cobalt-0037,AMD,after,1210.6
cobalt-0037,AMD,after,1128.0
cobalt-0037,GPU,before,622.9
cobalt-0037,GPU,before,699.9
cobalt-0037,GPU,before,709.2
cobalt-0037,GPU,before,719.7
cobalt-0037,GPU,before,659.5
cobalt-0037,GPU,after,574.8
cobalt-0037,GPU,after,679.9
cobalt-0037,GPU,after,621.8
cobalt-0037,GPU,after,615.0
cobalt-0037,GPU,after,563.0
verve-0038,Intel,before,5025.1
verve-0038,Intel,before,4266.6
verve-0038,Intel,before,4014.6
verve-0038,Intel,before,4748.5
verve-0038,Intel,before,4462.6
verve-0038,Intel,after,4206.0
verve-0038,Intel,after,4198.6
verve-0038,Intel,after,4050.6
verve-0038,Intel,after,4393.5
verve-0038,Intel,after,4515.8
verve-0038,AMD,before,4101.8
verve-0038,AMD,before,4505.8
verve-0038,AMD,before,4214.8
verve-0038,AMD,before,4389.6
verve-0038,AMD,before,4006.2
verve-0038,AMD,after,4119.6
verve-0038,AMD,after,4140.1
verve-0038,AMD,after,4269.0
verve-0038,AMD,after,3971.0
verve-0038,AMD,after,4069.2
verve-0038,GPU,before,1941.8
verve-0038,GPU,before,1930.0
verve-0038,GPU,before,1963.4
verve-0038,GPU,before,1802.4
verve-0038,GPU,before,1710.6
verve-0038,GPU,after,1459.3
verve-0038,GPU,after,1447.1
verve-0038,GPU,after,1400.2
verve-0038,GPU,after,1517.9
verve-0038,GPU,after,1547.7
cobalt-0039,Intel,before,2068.7
cobalt-0039,Intel,before,1926.8
cobalt-0039,Intel,before,1962.1
cobalt-0039,Intel,before,1763.7
cobalt-0039,Intel,before,2039.5
cobalt-0039,Intel,after,1900.8
cobalt-0039,Intel,after,1838.6
cobalt-0039,Intel,after,1985.4
cobalt-0039,Intel,after,1826.5
cobalt-0039,Intel,after,2086.4
cobalt-0039,AMD,before,1745.9
cobalt-0039,AMD,before,1773.8
cobalt-0039,AMD,before,1917.0
cobalt-0039,AMD,before,1871.9
cobalt-0039,AMD,before,1832.9
cobalt-0039,AMD,after,1908.0
cobalt-0039,AMD,after,1851.5
cobalt-0039,AMD,after,1961.6
cobalt-0039,AMD,after,1946.0
cobalt-0039,AMD,after,1775.7
cobalt-0039,GPU,before,820.9
cobalt-0039,GPU,before,811.2
cobalt-0039,GPU,before,752.8
cobalt-0039,GPU,before,816.0
cobalt-0039,GPU,before,850.7
cobalt-0039,GPU,after,655.2
cobalt-0039,GPU,after,683.5
cobalt-0039,GPU,after,606.5
cobalt-0039,GPU,after,656.8
cobalt-0039,GPU,after,709.5
falcon-0040,Intel,before,5044.6
falcon-0040,Intel,before,4949.2
falcon-0040,Intel,before,5328.4
falcon-0040,Intel,before,4890.7
falcon-0040,Intel,before,4902.1
falcon-0040,Intel,after,4320.0
falcon-0040,Intel,after,4510.1
falcon-0040,Intel,after,4606.5
falcon-0040,Intel,after,4905.2
falcon-0040,Intel,after,4381.5
falcon-0040,AMD,before,4252.6
falcon-0040,AMD,before,4254.5
falcon-0040,AMD,before,4845.1
falcon-0040,AMD,before,3877.8
falcon-0040,AMD,before,4373.6
falcon-0040,AMD,after,3426.6
falcon-0040,AMD,after,3398.5
falcon-0040,AMD,after,3158.5
falcon-0040,AMD,after,3205.7
falcon-0040,AMD,after,2974.3
falcon-0040,GPU,before,1677.0
falcon-0040,GPU,before,1987.0
falcon-0040,GPU,before,1894.0
falcon-0040,GPU,before,1857.4
falcon-0040,GPU,before,1861.5
falcon-0040,GPU,after,1351.8
falcon-0040,GPU,after,1395.5
falcon-0040,GPU,after,1395.9
falcon-0040,GPU,after,1566.4
falcon-0040,GPU,after,1366.0
tensor-0041,Intel,before,1868.0
tensor-0041,Intel,before,1688.7
tensor-0041,Intel,before,1920.0
tensor-0041,Intel,before,1701.0
tensor-0041,Intel,before,2152.8
tensor-0041,Intel,after,1648.2
tensor-0041,Intel,after,1725.3
tensor-0041,Intel,after,1604.2
tensor-0041,Intel,after,1730.2
tensor-0041,Intel,after,1563.6
tensor-0041,AMD,before,1755.8
tensor-0041,AMD,before,1703.8
tensor-0041,AMD,before,1707.2
tensor-0041,AMD,before,1685.8
tensor-0041,AMD,before,1794.7
tensor-0041,AMD,after,1415.7
tensor-0041,AMD,after,1627.4
tensor-0041,AMD,after,1512.2
tensor-0041,AMD,after,1470.4
tensor-0041,AMD,after,1478.0
tensor-0041,GPU,before,763.3
tensor-0041,GPU,before,748.4
tensor-0041,GPU,before,794.9
tensor-0041,GPU,before,750.7
tensor-0041,GPU,before,752.9
tensor-0041,GPU,after,591.6
tensor-0041,GPU,after,650.1
tensor-0041,GPU,after,593.6
tensor-0041,GPU,after,640.5
tensor-0041,GPU,after,640.8
sigma-0042,Intel,before,4213.2
sigma-0042,Intel,before,3960.6
sigma-0042,Intel,before,3892.1
sigma-0042,Intel,before,4062.0
sigma-0042,Intel,before,4082.9
sigma-0042,Intel,after,3489.6
sigma-0042,Intel,after,3686.7
sigma-0042,Intel,after,4103.0
sigma-0042,Intel,after,3953.7
sigma-0042,Intel,after,3882.2
sigma-0042,AMD,before,3570.1
sigma-0042,AMD,before,3557.2
sigma-0042,AMD,before,4333.9
sigma-0042,AMD,before,3450.2
sigma-0042,AMD,before,4058.9
sigma-0042,AMD,after,2815.9
sigma-0042,AMD,after,2773.2
sigma-0042,AMD,after,2770.4
sigma-0042,AMD,after,2677.9
sigma-0042,AMD,after,2997.1
sigma-0042,GPU,before,1616.4
sigma-0042,GPU,before,1607.5
sigma-0042,GPU,before,1638.1
sigma-0042,GPU,before,1510.8
sigma-0042,GPU,before,1588.9
sigma-0042,GPU,after,1491.0
sigma-0042,GPU,after,1603.9
sigma-0042,GPU,after,1602.2
sigma-0042,GPU,after,1378.4
sigma-0042,GPU,after,1527.4
beacon-0043,Intel,before,4103.0
beacon-0043,Intel,before,3846.3
beacon-0043,Intel,before,3773.2
beacon-0043,Intel,before,3599.6
beacon-0043,Intel,before,3914.4
beacon-0043,Intel,after,3847.5
beacon-0043,Intel,after,4026.8
beacon-0043,Intel,after,4076.5
beacon-0043,Intel,after,4141.2
beacon-0043,Intel,after,3901.7
beacon-0043,AMD,before,3571.9
beacon-0043,AMD,before,3545.1
beacon-0043,AMD,before,3601.6
beacon-0043,AMD,before,3454.9
beacon-0043,AMD,before,3516.0
beacon-0043,AMD,after,2769.1
beacon-0043,AMD,after,2768.7
beacon-0043,AMD,after,2893.9
beacon-0043,AMD,after,3061.6
beacon-0043,AMD,after,2777.5
beacon-0043,GPU,before,1581.7
beacon-0043,GPU,before,1560.2
beacon-0043,GPU,before,1612.0
beacon-0043,GPU,before,1499.6
beacon-0043,GPU,before,1601.5
beacon-0043,GPU,after,1525.1
beacon-0043,GPU,after,1192.0
beacon-0043,GPU,after,1530.1
beacon-0043,GPU,after,1551.5
beacon-0043,GPU,after,1670.7
falcon-0044,Intel,before,376.0
falcon-0044,Intel,before,340.3
falcon-0044,Intel,before,348.9
falcon-0044,Intel,before,324.6
falcon-0044,Intel,before,327.5
falcon-0044,Intel,after,271.0
falcon-0044,Intel,after,281.7
falcon-0044,Intel,after,268.1
falcon-0044,Intel,after,283.1
falcon-0044,Intel,after,278.4
falcon-0044,AMD,before,331.5
falcon-0044,AMD,before,323.6
falcon-0044,AMD,before,355.2
falcon-0044,AMD,before,289.1
falcon-0044,AMD,before,297.4
falcon-0044,AMD,after,222.0
falcon-0044,AMD,after,226.5
falcon-0044,AMD,after,229.9
falcon-0044,AMD,after,222.3
falcon-0044,AMD,after,225.2
falcon-0044,GPU,before,145.4
falcon-0044,GPU,before,149.1
falcon-0044,GPU,before,144.8
falcon-0044,GPU,before,142.4
falcon-0044,GPU,before,135.0
falcon-0044,GPU,after,81.7
falcon-0044,GPU,after,92.4
falcon-0044,GPU,after,77.2
falcon-0044,GPU,after,81.5
falcon-0044,GPU,after,74.3
atlas-0045,Intel,before,4157.8
atlas-0045,Intel,before,4754.0
atlas-0045,Intel,before,4187.3
atlas-0045,Intel,before,5021.2
atlas-0045,Intel,before,4665.7
atlas-0045,Intel,after,3903.3
atlas-0045,Intel,after,4058.1
atlas-0045,Intel,after,4087.2
atlas-0045,Intel,after,3881.1
atlas-0045,Intel,after,3649.9
atlas-0045,AMD,before,5114.8
atlas-0045,AMD,before,4120.1
atlas-0045,AMD,before,4115.3
atlas-0045,AMD,before,4281.3
atlas-0045,AMD,before,4407.0
atlas-0045,AMD,after,3301.7
atlas-0045,AMD,after,3231.9
atlas-0045,AMD,after,3447.7
atlas-0045,AMD,after,3604.2
atlas-0045,AMD,after,3488.2
atlas-0045,GPU,before,1942.8
atlas-0045,GPU,before,1947.7
atlas-0045,GPU,before,1905.8
atlas-0045,GPU,before,1977.5
atlas-0045,GPU,before,1938.2
atlas-0045,GPU,after,1814.3
atlas-0045,GPU,after,1740.1
atlas-0045,GPU,after,1751.1
atlas-0045,GPU,after,1703.6
atlas-0045,GPU,after,1751.1
atlas-0046,Intel,before,1683.5
atlas-0046,Intel,before,1803.7
atlas-0046,Intel,before,1950.1
atlas-0046,Intel,before,1667.7
atlas-0046,Intel,before,1901.3
atlas-0046,Intel,after,1031.6
atlas-0046,Intel,after,1007.8
atlas-0046,Intel,after,780.2
atlas-0046,Intel,after,965.8
atlas-0046,Intel,after,917.0
atlas-0046,AMD,before,1587.3
atlas-0046,AMD,before,1545.8
atlas-0046,AMD,before,1582.6
atlas-0046,AMD,before,1746.9
atlas-0046,AMD,before,1684.1
atlas-0046,AMD,after,1625.0
atlas-0046,AMD,after,1691.1
atlas-0046,AMD,after,1738.4
atlas-0046,AMD,after,1709.3
atlas-0046,AMD,after,1649.5
atlas-0046,GPU,before,666.7
atlas-0046,GPU,before,679.4
atlas-0046,GPU,before,674.6
atlas-0046,GPU,before,632.1
atlas-0046,GPU,before,638.9
atlas-0046,GPU,after,574.6
atlas-0046,GPU,after,509.9
atlas-0046,GPU,after,503.6
atlas-0046,GPU,after,544.8
atlas-0046,GPU,after,593.1
ember-0047,Intel,before,2037.2
ember-0047,Intel,before,2347.2
ember-0047,Intel,before,2160.1
ember-0047,Intel,before,2292.4
ember-0047,Intel,before,2254.4
ember-0047,Intel,after,2438.4
ember-0047,Intel,after,2607.3
ember-0047,Intel,after,2362.6
ember-0047,Intel,after,2334.8
ember-0047,Intel,after,2485.4
ember-0047,AMD,before,2122.3
ember-0047,AMD,before,2039.1
ember-0047,AMD,before,2250.3
ember-0047,AMD,before,2064.3
ember-0047,AMD,before,2196.0
ember-0047,AMD,after,1904.2
ember-0047,AMD,after,1905.6
ember-0047,AMD,after,1812.6
ember-0047,AMD,after,1987.5
ember-0047,AMD,after,2250.5
ember-0047,GPU,before,919.6
ember-0047,GPU,before,800.0
ember-0047,GPU,before,944.6
ember-0047,GPU,before,940.2
ember-0047,GPU,before,1003.8
ember-0047,GPU,after,879.3
ember-0047,GPU,after,941.4
ember-0047,GPU,after,945.7
ember-0047,GPU,after,957.8
ember-0047,GPU,after,950.0
lambda-0048,Intel,before,475.9
lambda-0048,Intel,before,510.9
lambda-0048,Intel,before,566.8
lambda-0048,Intel,before,474.7
lambda-0048,Intel,before,522.0
lambda-0048,Intel,after,546.7
lambda-0048,Intel,after,516.9
lambda-0048,Intel,after,524.1
lambda-0048,Intel,after,577.8
lambda-0048,Intel,after,569.0
lambda-0048,AMD,before,477.8
lambda-0048,AMD,before,438.4
lambda-0048,AMD,before,472.9
lambda-0048,AMD,before,520.8
lambda-0048,AMD,before,500.0
lambda-0048,AMD,after,416.9
lambda-0048,AMD,after,397.5
lambda-0048,AMD,after,435.8
lambda-0048,AMD,after,458.4
lambda-0048,AMD,after,438.9
lambda-0048,GPU,before,208.7
lambda-0048,GPU,before,215.5
lambda-0048,GPU,before,207.1
lambda-0048,GPU,before,219.8
lambda-0048,GPU,before,187.0
lambda-0048,GPU,after,175.3
lambda-0048,GPU,after,174.9
lambda-0048,GPU,after,155.3
lambda-0048,GPU,after,183.4
lambda-0048,GPU,after,154.2
verve-0049,Intel,before,596.4
verve-0049,Intel,before,586.6
verve-0049,Intel,before,585.7
verve-0049,Intel,before,709.6
verve-0049,Intel,before,670.9
verve-0049,Intel,after,407.8
verve-0049,Intel,after,437.9
verve-0049,Intel,after,412.8
verve-0049,Intel,after,429.3
verve-0049,Intel,after,378.5
verve-0049,AMD,before,505.0
verve-0049,AMD,before,561.1
verve-0049,AMD,before,554.1
verve-0049,AMD,before,588.6
verve-0049,AMD,before,630.7
verve-0049,AMD,after,644.8
verve-0049,AMD,after,664.8
verve-0049,AMD,after,650.6
verve-0049,AMD,after,629.3
verve-0049,AMD,after,619.7
verve-0049,GPU,before,240.3
verve-0049,GPU,before,240.6
verve-0049,GPU,before,255.2
verve-0049,GPU,before,249.8
verve-0049,GPU,before,256.1
verve-0049,GPU,after,277.2
verve-0049,GPU,after,271.8
verve-0049,GPU,after,234.9
verve-0049,GPU,after,255.7
verve-0049,GPU,after,259.5
sigma-0050,Intel,before,2114.1
sigma-0050,Intel,before,2084.9
sigma-0050,Intel,before,2281.5
sigma-0050,Intel,before,2354.3
sigma-0050,Intel,before,2194.3
sigma-0050,Intel,after,2090.2
sigma-0050,Intel,after,2027.9
sigma-0050,Intel,after,2025.6
sigma-0050,Intel,after,2067.3
sigma-0050,Intel,after,2189.6
sigma-0050,AMD,before,2172.9
sigma-0050,AMD,before,1912.5
sigma-0050,AMD,before,1783.2
sigma-0050,AMD,before,2140.0
sigma-0050,AMD,before,1904.5
sigma-0050,AMD,after,1735.0
sigma-0050,AMD,after,1544.5
sigma-0050,AMD,after,1566.9
sigma-0050,AMD,after,1724.1
sigma-0050,AMD,after,1670.3
sigma-0050,GPU,before,952.3
sigma-0050,GPU,before,938.4
sigma-0050,GPU,before,882.9
sigma-0050,GPU,before,868.2
sigma-0050,GPU,before,820.0
sigma-0050,GPU,after,761.3
sigma-0050,GPU,after,806.6
sigma-0050,GPU,after,825.0
sigma-0050,GPU,after,831.2
sigma-0050,GPU,after,759.2
prism-0051,Intel,before,741.6
prism-0051,Intel,before,641.5
prism-0051,Intel,before,738.0
prism-0051,Intel,before,726.9
prism-0051,Intel,before,662.8
prism-0051,Intel,after,723.8
prism-0051,Intel,after,717.2
prism-0051,Intel,after,707.8
prism-0051,Intel,after,771.6
prism-0051,Intel,after,726.1
prism-0051,AMD,before,525.6
prism-0051,AMD,before,665.8
prism-0051,AMD,before,563.8
prism-0051,AMD,before,623.8
prism-0051,AMD,before,615.5
prism-0051,AMD,after,480.1
prism-0051,AMD,after,472.3
prism-0051,AMD,after,432.9
prism-0051,AMD,after,463.6
prism-0051,AMD,after,459.0
prism-0051,GPU,before,276.6
prism-0051,GPU,before,279.3
prism-0051,GPU,before,280.4
prism-0051,GPU,before,258.9
prism-0051,GPU,before,278.6
prism-0051,GPU,after,248.0
prism-0051,GPU,after,234.6
prism-0051,GPU,after,233.9
prism-0051,GPU,after,251.1
prism-0051,GPU,after,230.8
kernel-0052,Intel,before,2590.2
kernel-0052,Intel,before,2779.6
kernel-0052,Intel,before,2515.9
kernel-0052,Intel,before,2921.9
kernel-0052,Intel,before,2848.2
kernel-0052,Intel,after,2251.4
kernel-0052,Intel,after,1962.4
kernel-0052,Intel,after,1886.9
kernel-0052,Intel,after,1761.3
kernel-0052,Intel,after,2099.5
kernel-0052,AMD,before,2635.8
kernel-0052,AMD,before,2439.3
kernel-0052,AMD,before,2588.7
kernel-0052,AMD,before,2365.7
kernel-0052,AMD,before,2550.5
kernel-0052,AMD,after,1959.8
kernel-0052,AMD,after,1728.7
kernel-0052,AMD,after,2028.1
kernel-0052,AMD,after,1909.9
kernel-0052,AMD,after,1833.8
kernel-0052,GPU,before,1117.3
kernel-0052,GPU,before,1184.4
kernel-0052,GPU,before,1056.4
kernel-0052,GPU,before,1271.8
kernel-0052,GPU,before,1207.2
kernel-0052,GPU,after,752.8
kernel-0052,GPU,after,762.0
kernel-0052,GPU,after,773.9
kernel-0052,GPU,after,836.6
kernel-0052,GPU,after,729.2
flux-0053,Intel,before,3936.8
flux-0053,Intel,before,4175.7
flux-0053,Intel,before,4087.6
flux-0053,Intel,before,3987.2
flux-0053,Intel,before,3644.2
flux-0053,Intel,after,3507.8
flux-0053,Intel,after,3040.9
flux-0053,Intel,after,3530.5
flux-0053,Intel,after,3746.9
flux-0053,Intel,after,3673.6
flux-0053,AMD,before,4093.1
flux-0053,AMD,before,3398.4
flux-0053,AMD,before,3582.7
flux-0053,AMD,before,3287.2
flux-0053,AMD,before,3336.5
flux-0053,AMD,after,4234.4
flux-0053,AMD,after,3937.5
flux-0053,AMD,after,4131.4
flux-0053,AMD,after,4002.6
flux-0053,AMD,after,4156.0
flux-0053,GPU,before,1559.9
flux-0053,GPU,before,1519.2
flux-0053,GPU,before,1550.5
flux-0053,GPU,before,1568.4
flux-0053,GPU,before,1634.2
flux-0053,GPU,after,1068.4
flux-0053,GPU,after,1121.9
flux-0053,GPU,after,1016.0
flux-0053,GPU,after,1045.8
flux-0053,GPU,after,1019.2
beacon-0054,Intel,before,1756.4
beacon-0054,Intel,before,1581.1
beacon-0054,Intel,before,1552.0
beacon-0054,Intel,before,1690.1
beacon-0054,Intel,before,1597.1
beacon-0054,Intel,after,1624.0
beacon-0054,Intel,after,1503.2
beacon-0054,Intel,after,1673.7
beacon-0054,Intel,after,1703.0
beacon-0054,Intel,after,1544.8
beacon-0054,AMD,before,1456.3
beacon-0054,AMD,before,1455.9
beacon-0054,AMD,before,1454.9
beacon-0054,AMD,before,1469.1
beacon-0054,AMD,before,1644.6
beacon-0054,AMD,after,1349.4
beacon-0054,AMD,after,1197.3
beacon-0054,AMD,after,1354.2
beacon-0054,AMD,after,1261.3
beacon-0054,AMD,after,1313.6
beacon-0054,GPU,before,699.8
beacon-0054,GPU,before,675.0
beacon-0054,GPU,before,688.0
beacon-0054,GPU,before,623.0
beacon-0054,GPU,before,720.2
beacon-0054,GPU,after,508.2
beacon-0054,GPU,after,486.2
beacon-0054,GPU,after,560.5
beacon-0054,GPU,after,537.2
beacon-0054,GPU,after,567.9
glide-0055,Intel,before,3509.5
glide-0055,Intel,before,3932.8
glide-0055,Intel,before,3988.1
glide-0055,Intel,before,3927.5
glide-0055,Intel,before,3614.4
glide-0055,Intel,after,3176.1
glide-0055,Intel,after,3343.6
glide-0055,Intel,after,3003.2
glide-0055,Intel,after,3135.6
glide-0055,Intel,after,2961.3
glide-0055,AMD,before,3352.0
glide-0055,AMD,before,3463.1
glide-0055,AMD,before,3515.6
glide-0055,AMD,before,3431.6
glide-0055,AMD,before,3233.1
glide-0055,AMD,after,3102.3
glide-0055,AMD,after,2925.8
glide-0055,AMD,after,2745.9
glide-0055,AMD,after,2849.1
glide-0055,AMD,after,3270.6
glide-0055,GPU,before,1460.5
glide-0055,GPU,before,1515.3
glide-0055,GPU,before,1451.3
glide-0055,GPU,before,1469.9
glide-0055,GPU,before,1436.8
glide-0055,GPU,after,1228.6
glide-0055,GPU,after,1197.5
glide-0055,GPU,after,1216.1
glide-0055,GPU,after,1222.3
glide-0055,GPU,after,1231.3
delta-0056,Intel,before,3399.6
delta-0056,Intel,before,3546.2
delta-0056,Intel,before,3364.7
delta-0056,Intel,before,2855.8
delta-0056,Intel,before,3137.9
delta-0056,Intel,after,3642.5
delta-0056,Intel,after,3636.8
delta-0056,Intel,after,4010.1
delta-0056,Intel,after,3524.9
delta-0056,Intel,after,3652.2
delta-0056,AMD,before,3004.8
delta-0056,AMD,before,2832.3
delta-0056,AMD,before,2797.8
delta-0056,AMD,before,2550.3
delta-0056,AMD,before,3082.2
delta-0056,AMD,after,2603.6
delta-0056,AMD,after,2668.2
delta-0056,AMD,after,2467.7
delta-0056,AMD,after,2636.3
delta-0056,AMD,after,2480.8
delta-0056,GPU,before,1340.4
delta-0056,GPU,before,1364.2
delta-0056,GPU,before,1359.9
delta-0056,GPU,before,1310.2
delta-0056,GPU,before,1283.0
delta-0056,GPU,after,1036.9
delta-0056,GPU,after,1028.1
delta-0056,GPU,after,919.5
delta-0056,GPU,after,893.3
delta-0056,GPU,after,977.6
omega-0057,Intel,before,3457.0
omega-0057,Intel,before,3431.5
omega-0057,Intel,before,3580.8
omega-0057,Intel,before,3446.2
omega-0057,Intel,before,3464.4
omega-0057,Intel,after,3363.6
omega-0057,Intel,after,3375.1
omega-0057,Intel,after,3230.5
omega-0057,Intel,after,3237.2
omega-0057,Intel,after,3465.7
omega-0057,AMD,before,2964.0
omega-0057,AMD,before,3328.1
omega-0057,AMD,before,3523.0
omega-0057,AMD,before,3027.3
omega-0057,AMD,before,3242.4
omega-0057,AMD,after,3820.1
omega-0057,AMD,after,3483.1
omega-0057,AMD,after,3457.7
omega-0057,AMD,after,3771.7
omega-0057,AMD,after,3975.9
omega-0057,GPU,before,1400.1
omega-0057,GPU,before,1419.6
omega-0057,GPU,before,1461.0
omega-0057,GPU,before,1296.8
omega-0057,GPU,before,1297.7
omega-0057,GPU,after,1022.4
omega-0057,GPU,after,925.3
omega-0057,GPU,after,893.3
omega-0057,GPU,after,896.7
omega-0057,GPU,after,917.0
vertex-0058,Intel,before,2490.0
vertex-0058,Intel,before,2470.7
vertex-0058,Intel,before,2402.5
vertex-0058,Intel,before,2489.1
vertex-0058,Intel,before,2749.2
vertex-0058,Intel,after,2433.6
vertex-0058,Intel,after,2485.0
vertex-0058,Intel,after,2799.7
vertex-0058,Intel,after,2649.8
vertex-0058,Intel,after,2364.5
vertex-0058,AMD,before,2130.8
vertex-0058,AMD,before,2384.5
vertex-0058,AMD,before,1954.6
vertex-0058,AMD,before,2167.9
vertex-0058,AMD,before,2434.4
vertex-0058,AMD,after,2325.3
vertex-0058,AMD,after,2306.5
vertex-0058,AMD,after,2419.8
vertex-0058,AMD,after,2412.4
vertex-0058,AMD,after,2343.9
vertex-0058,GPU,before,1111.9
vertex-0058,GPU,before,1093.4
vertex-0058,GPU,before,1022.9
vertex-0058,GPU,before,933.2
vertex-0058,GPU,before,970.9
vertex-0058,GPU,after,767.4
vertex-0058,GPU,after,804.1
vertex-0058,GPU,after,856.7
vertex-0058,GPU,after,756.5
vertex-0058,GPU,after,788.1
vertex-0059,Intel,before,1277.8
vertex-0059,Intel,before,1336.8
vertex-0059,Intel,before,1219.4
vertex-0059,Intel,before,1224.5
vertex-0059,Intel,before,1258.0
vertex-0059,Intel,after,938.7
vertex-0059,Intel,after,1131.1
vertex-0059,Intel,after,937.1
vertex-0059,Intel,after,997.5
vertex-0059,Intel,after,965.1
vertex-0059,AMD,before,1115.6
vertex-0059,AMD,before,1114.3
vertex-0059,AMD,before,1280.5
vertex-0059,AMD,before,1141.0
vertex-0059,AMD,before,1095.4
vertex-0059,AMD,after,1272.6
vertex-0059,AMD,after,1288.0
vertex-0059,AMD,after,1215.7
vertex-0059,AMD,after,1259.0
vertex-0059,AMD,after,1256.9
vertex-0059,GPU,before,522.9
vertex-0059,GPU,before,524.9
vertex-0059,GPU,before,496.0
vertex-0059,GPU,before,523.8
vertex-0059,GPU,before,493.3
vertex-0059,GPU,after,529.6
vertex-0059,GPU,after,507.0
vertex-0059,GPU,after,482.2
vertex-0059,GPU,after,531.7
vertex-0059,GPU,after,449.7
